{"meta":{"count":5,"totalCount":5,"totalPages":1,"parameters":{"page":1,"limit":20,"sort":"lastName","state":"Activated","depth":"1"}},"results":[{"className":"User","id":5,"avatar":{"id":0},"username":"gustavo.alberola@mulesoft.com","firstName":"Gustavo","lastName":"Alberola","email":"gustavo.alberola@mulesoft.com","votesTotal":10,"stateId":1,"stateName":"Activated","resetRequested":null,"storNotification":null,"backend":"local","fullName":"Gustavo Alberola","avatarUri":"https:\/\/mulesoft.kindlingapp.com\/api\/users\/5\/avatar\/?Kindling-Token=ctuc70jkjai18da4bueq8hlpq4","resourceUri":"\/api\/users\/5","applicationUri":"\/users\/5","locale":null,"reputation":10,"isAnonymous":false,"lastLogin":"2013-01-08T14:16:39+00:00","lastLoginLocalized":"January  8, 2013","dateCreated":"2013-01-02T22:09:15+00:00","dateCreatedLocalized":"January  2, 2013","token":"58371f6b7e48f3c6df518757b554faca","skills":["Cloud Connector Developer","Kindling Expert","Pianist","Swimmer"],"interests":["tag1","tag3"],"categories":[{"id":2,"canModerate":true},{"id":3,"canModerate":true},{"id":1,"canModerate":true}],"emailPreferences":{"default":"instant","categories":{"2":"instant","3":"digest-weekly","1":"digest-nightly"}}},{"className":"User","id":2,"avatar":null,"username":"garrettk@kindlingapp.com","firstName":"Garrett","lastName":"Kalleberg","email":"garrettk@kindlingapp.com","votesTotal":10,"stateId":1,"stateName":"Activated","resetRequested":null,"storNotification":null,"backend":"local","fullName":"Garrett Kalleberg","avatarUri":"https:\/\/mulesoft.kindlingapp.com\/api\/users\/2\/avatar\/?Kindling-Token=ctuc70jkjai18da4bueq8hlpq4","resourceUri":"\/api\/users\/2","applicationUri":"\/users\/2","locale":null,"reputation":0,"isAnonymous":false,"lastLogin":"2013-01-02T21:42:23+00:00","lastLoginLocalized":"January  2, 2013","dateCreated":"2013-01-02T16:41:54+00:00","dateCreatedLocalized":"January  2, 2013","token":"c2b2400fbec2d84b3517f3c7d96e29f3a9ed6a6a","skills":[],"interests":[],"categories":[{"id":2,"canModerate":true},{"id":3,"canModerate":true},{"id":1,"canModerate":true}],"emailPreferences":{"default":"instant","categories":{"2":"instant","3":"instant","1":"instant"}}},{"className":"User","id":3,"avatar":{"id":0},"username":"andrew.krutz@mulesoft.com","firstName":"Andrew","lastName":"Krutz","email":"andrew.krutz@mulesoft.com","votesTotal":10,"stateId":1,"stateName":"Activated","resetRequested":null,"storNotification":null,"backend":"local","fullName":"Andrew Krutz","avatarUri":"https:\/\/mulesoft.kindlingapp.com\/api\/users\/3\/avatar\/?Kindling-Token=ctuc70jkjai18da4bueq8hlpq4","resourceUri":"\/api\/users\/3","applicationUri":"\/users\/3","locale":null,"reputation":6,"isAnonymous":false,"lastLogin":"2013-01-03T16:42:40+00:00","lastLoginLocalized":"January  3, 2013","dateCreated":"2013-01-02T22:09:15+00:00","dateCreatedLocalized":"January  2, 2013","token":"eb9a3a4d07e67bf3ab86d6966d5e4619","skills":[],"interests":[],"categories":[{"id":2,"canModerate":true},{"id":3,"canModerate":true},{"id":1,"canModerate":true}],"emailPreferences":{"default":"instant","categories":{"2":"instant","3":"instant","1":"instant"}}},{"className":"User","id":1,"avatar":{"id":0},"username":"josh.priollaud@mulesoft.com","firstName":"Josh","lastName":"Priollaud","email":"josh.priollaud@mulesoft.com","votesTotal":10,"stateId":1,"stateName":"Activated","resetRequested":null,"storNotification":null,"backend":"local","fullName":"Josh Priollaud","avatarUri":"https:\/\/mulesoft.kindlingapp.com\/api\/users\/1\/avatar\/?Kindling-Token=ctuc70jkjai18da4bueq8hlpq4","resourceUri":"\/api\/users\/1","applicationUri":"\/users\/1","locale":null,"reputation":12,"isAnonymous":false,"lastLogin":"2013-01-04T16:47:56+00:00","lastLoginLocalized":"January  4, 2013","dateCreated":"2012-07-10T11:37:23+00:00","dateCreatedLocalized":"July 10, 2012","token":"21d2f70fd81da2b70c24d19af37d44ab","skills":[],"interests":[],"categories":[{"id":2,"canModerate":true},{"id":3,"canModerate":true},{"id":1,"canModerate":true}],"emailPreferences":{"default":"instant","categories":{"2":"instant","3":"instant","1":"instant"}}},{"className":"User","id":4,"avatar":{"id":0},"username":"dana.soltani@mulesoft.com","firstName":"Dana","lastName":"Soltani","email":"dana.soltani@mulesoft.com","votesTotal":10,"stateId":1,"stateName":"Activated","resetRequested":null,"storNotification":null,"backend":"local","fullName":"Dana Soltani","avatarUri":"https:\/\/mulesoft.kindlingapp.com\/api\/users\/4\/avatar\/?Kindling-Token=ctuc70jkjai18da4bueq8hlpq4","resourceUri":"\/api\/users\/4","applicationUri":"\/users\/4","locale":null,"reputation":0,"isAnonymous":false,"lastLogin":"2013-01-03T19:24:06+00:00","lastLoginLocalized":"January  3, 2013","dateCreated":"2013-01-02T22:09:15+00:00","dateCreatedLocalized":"January  2, 2013","token":"c4425a6e8cbf7f060052acdc55a628b8","skills":[],"interests":[],"categories":[{"id":2,"canModerate":true},{"id":1,"canModerate":true}],"emailPreferences":{"default":"instant","categories":{"2":"instant","1":"instant"}}}]}