{"className":"User","id":5,"avatar":{"id":0},"username":"gustavo.alberola@mulesoft.com","firstName":"Gustavo","lastName":"Alberola","email":"gustavo.alberola@mulesoft.com","votesTotal":10,"stateId":1,"stateName":"Activated","resetRequested":null,"storNotification":null,"backend":"local","fullName":"Gustavo Alberola","avatarUri":"https:\/\/mulesoft.kindlingapp.com\/api\/users\/5\/avatar\/?Kindling-Token=4pjhhuin2p46c589kqadkcs3i7","resourceUri":"\/api\/users\/5","applicationUri":"\/users\/5","locale":null,"reputation":10,"isAnonymous":false,"lastLogin":"2013-01-08T14:16:39+00:00","lastLoginLocalized":"January  8, 2013","dateCreated":"2013-01-02T22:09:15+00:00","dateCreatedLocalized":"January  2, 2013","token":"58371f6b7e48f3c6df518757b554faca","skills":["Cloud Connector Developer","Kindling Expert","Pianist","Swimmer"],"interests":["tag1","tag3"],"categories":[{"id":2,"canModerate":true},{"id":3,"canModerate":true},{"id":1,"canModerate":true}],"emailPreferences":{"default":"instant","categories":{"2":"instant","3":"digest-weekly","1":"digest-nightly"}}}